{
  "Charles": {
    "HTML": 1,
    "Python": 4,
    "Java": 4,
    "C": 5,
    "JavaScript": 1
  },
  "Adam": {
    "HTML": 1,
    "Python": 2,
    "Java": 1,
    "C": 4,
    "JavaScript": 4
  },
  "Rose": {
    "HTML": 1,
    "Python": 2,
    "Java": 5,
    "C": 4,
    "JavaScript": 3
  },
  "Sally": {
    "HTML": 1,
    "Python": 3,
    "Java": 2,
    "C": 4,
    "JavaScript": 4
  },
  "Stephen": {
    "HTML": 4,
    "Python": 5,
    "Java": 4,
    "C": 3,
    "JavaScript": 3
  },
  "Peter": {
    "HTML": 5,
    "Python": 2,
    "Java": 5,
    "C": 2,
    "JavaScript": 3
  },
  "Keith": {
    "HTML": 2,
    "Python": 3,
    "Java": 3,
    "C": 4,
    "JavaScript": 4
  },
  "Ryan": {
    "HTML": 2,
    "Python": 1,
    "Java": 5,
    "C": 2,
    "JavaScript": 4
  },
  "Joseph": {
    "HTML": 2,
    "Python": 3,
    "Java": 4,
    "C": 1,
    "JavaScript": 5
  },
  "Jane": {
    "HTML": 1,
    "Python": 1,
    "Java": 1,
    "C": 1,
    "JavaScript": 3
  },
  "Joe": {
    "HTML": 2,
    "Python": 5,
    "Java": 1,
    "C": 3,
    "JavaScript": 2
  },
  "Carolyn": {
    "HTML": 5,
    "Python": 5,
    "Java": 4,
    "C": 2,
    "JavaScript": 2
  },
  "Jake": {
    "HTML": 3,
    "Python": 3,
    "Java": 3,
    "C": 5,
    "JavaScript": 5
  },
  "Warren": {
    "HTML": 1,
    "Python": 3,
    "Java": 3,
    "C": 1,
    "JavaScript": 5
  },
  "Gavin": {
    "HTML": 5,
    "Python": 4,
    "Java": 2,
    "C": 3,
    "JavaScript": 1
  },
  "Brian": {
    "HTML": 5,
    "Python": 5,
    "Java": 4,
    "C": 2,
    "JavaScript": 2
  },
  "Sue": {
    "HTML": 1,
    "Python": 4,
    "Java": 5,
    "C": 3,
    "JavaScript": 4
  },
  "Trevor": {
    "HTML": 1,
    "Python": 3,
    "Java": 5,
    "C": 1,
    "JavaScript": 3
  },
  "Kylie": {
    "HTML": 4,
    "Python": 1,
    "Java": 3,
    "C": 5,
    "JavaScript": 5
  },
  "Donna": {
    "HTML": 3,
    "Python": 1,
    "Java": 2,
    "C": 1,
    "JavaScript": 5
  },
  "Luke": {
    "HTML": 3,
    "Python": 5,
    "Java": 1,
    "C": 1,
    "JavaScript": 5
  },
  "Grace": {
    "HTML": 1,
    "Python": 3,
    "Java": 5,
    "C": 4,
    "JavaScript": 5
  },
  "Piers": {
    "HTML": 4,
    "Python": 3,
    "Java": 2,
    "C": 3,
    "JavaScript": 3
  },
  "Bernadette": {
    "HTML": 5,
    "Python": 4,
    "Java": 1,
    "C": 4,
    "JavaScript": 1
  },
  "Colin": {
    "HTML": 2,
    "Python": 1,
    "Java": 2,
    "C": 5,
    "JavaScript": 5
  },
  "Richard": {
    "HTML": 1,
    "Python": 5,
    "Java": 2,
    "C": 3,
    "JavaScript": 4
  },
  "Joan": {
    "HTML": 1,
    "Python": 1,
    "Java": 5,
    "C": 3,
    "JavaScript": 1
  },
  "Elizabeth": {
    "HTML": 2,
    "Python": 5,
    "Java": 4,
    "C": 1,
    "JavaScript": 2
  },
  "Amy": {
    "HTML": 4,
    "Python": 3,
    "Java": 3,
    "C": 2,
    "JavaScript": 2
  },
  "Carl": {
    "HTML": 1,
    "Python": 4,
    "Java": 5,
    "C": 4,
    "JavaScript": 3
  },
  "William": {
    "HTML": 5,
    "Python": 3,
    "Java": 4,
    "C": 3,
    "JavaScript": 4
  },
  "Simon": {
    "HTML": 2,
    "Python": 1,
    "Java": 4,
    "C": 3,
    "JavaScript": 1
  },
  "Cameron": {
    "HTML": 3,
    "Python": 3,
    "Java": 2,
    "C": 4,
    "JavaScript": 4
  },
  "Neil": {
    "HTML": 3,
    "Python": 5,
    "Java": 2,
    "C": 1,
    "JavaScript": 2
  },
  "Anne": {
    "HTML": 4,
    "Python": 1,
    "Java": 2,
    "C": 1,
    "JavaScript": 1
  },
  "Alexandra": {
    "HTML": 4,
    "Python": 3,
    "Java": 4,
    "C": 2,
    "JavaScript": 1
  },
  "Virginia": {
    "HTML": 5,
    "Python": 1,
    "Java": 5,
    "C": 5,
    "JavaScript": 4
  },
  "Carol": {
    "HTML": 3,
    "Python": 3,
    "Java": 2,
    "C": 4,
    "JavaScript": 3
  },
  "Alan": {
    "HTML": 3,
    "Python": 5,
    "Java": 2,
    "C": 5,
    "JavaScript": 3
  },
  "Jan": {
    "HTML": 3,
    "Python": 4,
    "Java": 1,
    "C": 5,
    "JavaScript": 3
  },
  "Wendy": {
    "HTML": 2,
    "Python": 3,
    "Java": 1,
    "C": 2,
    "JavaScript": 5
  },
  "Pippa": {
    "HTML": 2,
    "Python": 2,
    "Java": 4,
    "C": 1,
    "JavaScript": 5
  },
  "Diana": {
    "HTML": 5,
    "Python": 2,
    "Java": 1,
    "C": 4,
    "JavaScript": 1
  },
  "Emily": {
    "HTML": 3,
    "Python": 2,
    "Java": 3,
    "C": 2,
    "JavaScript": 5
  },
  "Abigail": {
    "HTML": 5,
    "Python": 4,
    "Java": 5,
    "C": 3,
    "JavaScript": 3
  },
  "Justin": {
    "HTML": 2,
    "Python": 2,
    "Java": 5,
    "C": 4,
    "JavaScript": 4
  },
  "Faith": {
    "HTML": 3,
    "Python": 2,
    "Java": 4,
    "C": 1,
    "JavaScript": 4
  },
  "Andrea": {
    "HTML": 1,
    "Python": 4,
    "Java": 3,
    "C": 5,
    "JavaScript": 3
  },
  "Lauren": {
    "HTML": 4,
    "Python": 1,
    "Java": 3,
    "C": 5,
    "JavaScript": 3
  },
  "Kimberly": {
    "HTML": 4,
    "Python": 2,
    "Java": 1,
    "C": 3,
    "JavaScript": 2
  },
  "Brandon": {
    "HTML": 5,
    "Python": 5,
    "Java": 4,
    "C": 4,
    "JavaScript": 2
  },
  "Dorothy": {
    "HTML": 1,
    "Python": 5,
    "Java": 4,
    "C": 2,
    "JavaScript": 1
  },
  "Ella": {
    "HTML": 2,
    "Python": 4,
    "Java": 5,
    "C": 3,
    "JavaScript": 3
  },
  "Olivia": {
    "HTML": 2,
    "Python": 2,
    "Java": 1,
    "C": 3,
    "JavaScript": 3
  },
  "Connor": {
    "HTML": 4,
    "Python": 5,
    "Java": 4,
    "C": 4,
    "JavaScript": 5
  },
  "Sophie": {
    "HTML": 5,
    "Python": 5,
    "Java": 4,
    "C": 2,
    "JavaScript": 5
  },
  "Zoe": {
    "HTML": 5,
    "Python": 1,
    "Java": 2,
    "C": 5,
    "JavaScript": 1
  },
  "Deirdre": {
    "HTML": 2,
    "Python": 4,
    "Java": 4,
    "C": 4,
    "JavaScript": 4
  },
  "Lisa": {
    "HTML": 4,
    "Python": 2,
    "Java": 5,
    "C": 1,
    "JavaScript": 5
  },
  "Lucas": {
    "HTML": 5,
    "Python": 2,
    "Java": 1,
    "C": 4,
    "JavaScript": 1
  },
  "Samantha": {
    "HTML": 3,
    "Python": 5,
    "Java": 4,
    "C": 5,
    "JavaScript": 4
  },
  "Adrian": {
    "HTML": 1,
    "Python": 3,
    "Java": 4,
    "C": 1,
    "JavaScript": 2
  },
  "Sebastian": {
    "HTML": 1,
    "Python": 3,
    "Java": 2,
    "C": 4,
    "JavaScript": 1
  },
  "Nathan": {
    "HTML": 3,
    "Python": 5,
    "Java": 3,
    "C": 1,
    "JavaScript": 3
  },
  "Molly": {
    "HTML": 4,
    "Python": 5,
    "Java": 4,
    "C": 2,
    "JavaScript": 1
  },
  "Jennifer": {
    "HTML": 2,
    "Python": 3,
    "Java": 2,
    "C": 3,
    "JavaScript": 4
  },
  "Michael": {
    "HTML": 4,
    "Python": 5,
    "Java": 2,
    "C": 4,
    "JavaScript": 5
  },
  "Paul": {
    "HTML": 3,
    "Python": 2,
    "Java": 2,
    "C": 4,
    "JavaScript": 3
  },
  "Anna": {
    "HTML": 1,
    "Python": 5,
    "Java": 4,
    "C": 5,
    "JavaScript": 1
  },
  "Stephanie": {
    "HTML": 5,
    "Python": 2,
    "Java": 3,
    "C": 1,
    "JavaScript": 5
  },
  "Irene": {
    "HTML": 2,
    "Python": 2,
    "Java": 4,
    "C": 4,
    "JavaScript": 4
  },
  "Austin": {
    "HTML": 3,
    "Python": 1,
    "Java": 4,
    "C": 3,
    "JavaScript": 3
  },
  "Megan": {
    "HTML": 2,
    "Python": 2,
    "Java": 4,
    "C": 3,
    "JavaScript": 4
  },
  "Felicity": {
    "HTML": 1,
    "Python": 2,
    "Java": 4,
    "C": 5,
    "JavaScript": 1
  },
  "James": {
    "HTML": 3,
    "Python": 5,
    "Java": 5,
    "C": 2,
    "JavaScript": 5
  },
  "Mary": {
    "HTML": 4,
    "Python": 3,
    "Java": 1,
    "C": 3,
    "JavaScript": 2
  },
  "Dominic": {
    "HTML": 1,
    "Python": 4,
    "Java": 5,
    "C": 2,
    "JavaScript": 4
  },
  "Gordon": {
    "HTML": 3,
    "Python": 3,
    "Java": 1,
    "C": 2,
    "JavaScript": 2
  },
  "Heather": {
    "HTML": 5,
    "Python": 1,
    "Java": 2,
    "C": 1,
    "JavaScript": 2
  },
  "Jack": {
    "HTML": 3,
    "Python": 1,
    "Java": 2,
    "C": 3,
    "JavaScript": 5
  },
  "Michelle": {
    "HTML": 3,
    "Python": 3,
    "Java": 5,
    "C": 2,
    "JavaScript": 1
  },
  "Ava": {
    "HTML": 5,
    "Python": 1,
    "Java": 3,
    "C": 5,
    "JavaScript": 1
  },
  "Ruth": {
    "HTML": 5,
    "Python": 2,
    "Java": 2,
    "C": 2,
    "JavaScript": 1
  },
  "Liam": {
    "HTML": 2,
    "Python": 3,
    "Java": 3,
    "C": 3,
    "JavaScript": 2
  },
  "John": {
    "HTML": 2,
    "Python": 4,
    "Java": 1,
    "C": 3,
    "JavaScript": 1
  },
  "Phil": {
    "HTML": 2,
    "Python": 1,
    "Java": 5,
    "C": 3,
    "JavaScript": 3
  },
  "Jason": {
    "HTML": 4,
    "Python": 4,
    "Java": 2,
    "C": 3,
    "JavaScript": 4
  },
  "Gabrielle": {
    "HTML": 4,
    "Python": 1,
    "Java": 3,
    "C": 4,
    "JavaScript": 1
  },
  "Sonia": {
    "HTML": 5,
    "Python": 2,
    "Java": 1,
    "C": 3,
    "JavaScript": 5
  },
  "Anthony": {
    "HTML": 2,
    "Python": 4,
    "Java": 4,
    "C": 1,
    "JavaScript": 4
  },
  "Nicholas": {
    "HTML": 5,
    "Python": 1,
    "Java": 4,
    "C": 4,
    "JavaScript": 4
  },
  "Jasmine": {
    "HTML": 3,
    "Python": 3,
    "Java": 2,
    "C": 1,
    "JavaScript": 3
  },
  "Bella": {
    "HTML": 5,
    "Python": 4,
    "Java": 4,
    "C": 5,
    "JavaScript": 2
  },
  "Una": {
    "HTML": 3,
    "Python": 2,
    "Java": 2,
    "C": 2,
    "JavaScript": 4
  },
  "Sam": {
    "HTML": 4,
    "Python": 2,
    "Java": 4,
    "C": 3,
    "JavaScript": 2
  },
  "Owen": {
    "HTML": 1,
    "Python": 3,
    "Java": 1,
    "C": 1,
    "JavaScript": 4
  },
  "Rachel": {
    "HTML": 4,
    "Python": 5,
    "Java": 1,
    "C": 3,
    "JavaScript": 2
  },
  "Angela": {
    "HTML": 4,
    "Python": 2,
    "Java": 5,
    "C": 2,
    "JavaScript": 4
  },
  "Evan": {
    "HTML": 4,
    "Python": 4,
    "Java": 3,
    "C": 4,
    "JavaScript": 1
  },
  "Robert": {
    "HTML": 1,
    "Python": 4,
    "Java": 5,
    "C": 1,
    "JavaScript": 4
  },
  "Victor": {
    "HTML": 1,
    "Python": 5,
    "Java": 3,
    "C": 2,
    "JavaScript": 1
  },
  "Maria": {
    "HTML": 2,
    "Python": 3,
    "Java": 2,
    "C": 5,
    "JavaScript": 5
  },
  "Christian": {
    "HTML": 5,
    "Python": 4,
    "Java": 5,
    "C": 5,
    "JavaScript": 2
  },
  "Julia": {
    "HTML": 1,
    "Python": 5,
    "Java": 5,
    "C": 2,
    "JavaScript": 4
  },
  "Joanne": {
    "HTML": 2,
    "Python": 5,
    "Java": 2,
    "C": 2,
    "JavaScript": 5
  },
  "Jessica": {
    "HTML": 4,
    "Python": 3,
    "Java": 1,
    "C": 2,
    "JavaScript": 3
  },
  "Isaac": {
    "HTML": 1,
    "Python": 5,
    "Java": 1,
    "C": 1,
    "JavaScript": 4
  },
  "Jacob": {
    "HTML": 5,
    "Python": 3,
    "Java": 2,
    "C": 2,
    "JavaScript": 5
  },
  "Natalie": {
    "HTML": 2,
    "Python": 4,
    "Java": 5,
    "C": 5,
    "JavaScript": 1
  },
  "Theresa": {
    "HTML": 5,
    "Python": 1,
    "Java": 5,
    "C": 3,
    "JavaScript": 3
  },
  "Ian": {
    "HTML": 1,
    "Python": 2,
    "Java": 2,
    "C": 3,
    "JavaScript": 3
  },
  "Lily": {
    "HTML": 3,
    "Python": 2,
    "Java": 4,
    "C": 3,
    "JavaScript": 3
  },
  "Sean": {
    "HTML": 2,
    "Python": 4,
    "Java": 2,
    "C": 1,
    "JavaScript": 5
  },
  "Karen": {
    "HTML": 5,
    "Python": 3,
    "Java": 5,
    "C": 2,
    "JavaScript": 2
  },
  "Vanessa": {
    "HTML": 1,
    "Python": 3,
    "Java": 4,
    "C": 5,
    "JavaScript": 4
  },
  "Frank": {
    "HTML": 3,
    "Python": 5,
    "Java": 3,
    "C": 2,
    "JavaScript": 3
  },
  "Eric": {
    "HTML": 1,
    "Python": 2,
    "Java": 1,
    "C": 5,
    "JavaScript": 2
  },
  "Julian": {
    "HTML": 2,
    "Python": 2,
    "Java": 5,
    "C": 1,
    "JavaScript": 5
  },
  "Oliver": {
    "HTML": 3,
    "Python": 1,
    "Java": 1,
    "C": 5,
    "JavaScript": 5
  },
  "Steven": {
    "HTML": 5,
    "Python": 3,
    "Java": 5,
    "C": 5,
    "JavaScript": 5
  },
  "Edward": {
    "HTML": 3,
    "Python": 4,
    "Java": 4,
    "C": 3,
    "JavaScript": 1
  },
  "Jonathan": {
    "HTML": 3,
    "Python": 3,
    "Java": 1,
    "C": 5,
    "JavaScript": 1
  },
  "David": {
    "HTML": 5,
    "Python": 2,
    "Java": 5,
    "C": 4,
    "JavaScript": 2
  },
  "Sarah": {
    "HTML": 5,
    "Python": 3,
    "Java": 2,
    "C": 3,
    "JavaScript": 2
  },
  "Blake": {
    "HTML": 5,
    "Python": 2,
    "Java": 5,
    "C": 1,
    "JavaScript": 3
  },
  "Max": {
    "HTML": 4,
    "Python": 1,
    "Java": 3,
    "C": 2,
    "JavaScript": 3
  },
  "Katherine": {
    "HTML": 5,
    "Python": 4,
    "Java": 5,
    "C": 3,
    "JavaScript": 3
  },
  "Caroline": {
    "HTML": 2,
    "Python": 3,
    "Java": 4,
    "C": 1,
    "JavaScript": 3
  },
  "Thomas": {
    "HTML": 5,
    "Python": 5,
    "Java": 3,
    "C": 5,
    "JavaScript": 3
  },
  "Penelope": {
    "HTML": 5,
    "Python": 3,
    "Java": 1,
    "C": 3,
    "JavaScript": 5
  },
  "Tracey": {
    "HTML": 2,
    "Python": 2,
    "Java": 5,
    "C": 5,
    "JavaScript": 1
  },
  "Diane": {
    "HTML": 1,
    "Python": 1,
    "Java": 4,
    "C": 5,
    "JavaScript": 2
  },
  "Dan": {
    "HTML": 1,
    "Python": 1,
    "Java": 5,
    "C": 4,
    "JavaScript": 5
  },
  "Hannah": {
    "HTML": 4,
    "Python": 3,
    "Java": 2,
    "C": 5,
    "JavaScript": 2
  },
  "Matt": {
    "HTML": 2,
    "Python": 1,
    "Java": 3,
    "C": 5,
    "JavaScript": 1
  },
  "Claire": {
    "HTML": 4,
    "Python": 2,
    "Java": 4,
    "C": 5,
    "JavaScript": 1
  },
  "Harry": {
    "HTML": 4,
    "Python": 2,
    "Java": 1,
    "C": 4,
    "JavaScript": 3
  },
  "Audrey": {
    "HTML": 5,
    "Python": 2,
    "Java": 1,
    "C": 5,
    "JavaScript": 5
  },
  "Alison": {
    "HTML": 1,
    "Python": 3,
    "Java": 5,
    "C": 5,
    "JavaScript": 5
  },
  "Lillian": {
    "HTML": 5,
    "Python": 5,
    "Java": 4,
    "C": 3,
    "JavaScript": 2
  },
  "Tim": {
    "HTML": 5,
    "Python": 2,
    "Java": 1,
    "C": 2,
    "JavaScript": 4
  },
  "Rebecca": {
    "HTML": 5,
    "Python": 1,
    "Java": 2,
    "C": 1,
    "JavaScript": 1
  },
  "Melanie": {
    "HTML": 2,
    "Python": 2,
    "Java": 1,
    "C": 2,
    "JavaScript": 2
  },
  "Alexander": {
    "HTML": 3,
    "Python": 1,
    "Java": 4,
    "C": 5,
    "JavaScript": 2
  },
  "Boris": {
    "HTML": 4,
    "Python": 3,
    "Java": 4,
    "C": 4,
    "JavaScript": 1
  },
  "Chloe": {
    "HTML": 1,
    "Python": 4,
    "Java": 3,
    "C": 2,
    "JavaScript": 5
  },
  "Emma": {
    "HTML": 4,
    "Python": 4,
    "Java": 1,
    "C": 2,
    "JavaScript": 1
  },
  "Kevin": {
    "HTML": 4,
    "Python": 2,
    "Java": 5,
    "C": 2,
    "JavaScript": 1
  },
  "Nicola": {
    "HTML": 5,
    "Python": 4,
    "Java": 2,
    "C": 5,
    "JavaScript": 2
  },
  "Yvonne": {
    "HTML": 2,
    "Python": 1,
    "Java": 2,
    "C": 3,
    "JavaScript": 1
  },
  "Amelia": {
    "HTML": 2,
    "Python": 1,
    "Java": 5,
    "C": 3,
    "JavaScript": 1
  },
  "Stewart": {
    "HTML": 5,
    "Python": 3,
    "Java": 3,
    "C": 4,
    "JavaScript": 3
  },
  "Madeleine": {
    "HTML": 5,
    "Python": 1,
    "Java": 1,
    "C": 3,
    "JavaScript": 1
  },
  "Joshua": {
    "HTML": 2,
    "Python": 3,
    "Java": 3,
    "C": 4,
    "JavaScript": 3
  },
  "Wanda": {
    "HTML": 1,
    "Python": 2,
    "Java": 1,
    "C": 3,
    "JavaScript": 4
  },
  "Victoria": {
    "HTML": 1,
    "Python": 1,
    "Java": 2,
    "C": 4,
    "JavaScript": 4
  },
  "Christopher": {
    "HTML": 4,
    "Python": 2,
    "Java": 5,
    "C": 1,
    "JavaScript": 3
  },
  "Leonard": {
    "HTML": 1,
    "Python": 5,
    "Java": 3,
    "C": 1,
    "JavaScript": 2
  },
  "Amanda": {
    "HTML": 5,
    "Python": 3,
    "Java": 1,
    "C": 4,
    "JavaScript": 4
  },
  "Dylan": {
    "HTML": 2,
    "Python": 4,
    "Java": 3,
    "C": 3,
    "JavaScript": 1
  },
  "Andrew": {
    "HTML": 1,
    "Python": 5,
    "Java": 1,
    "C": 3,
    "JavaScript": 4
  },
  "Benjamin": {
    "HTML": 5,
    "Python": 3,
    "Java": 1,
    "C": 3,
    "JavaScript": 1
  },
  "Leah": {
    "HTML": 3,
    "Python": 1,
    "Java": 1,
    "C": 3,
    "JavaScript": 3
  },
  "Fiona": {
    "HTML": 2,
    "Python": 1,
    "Java": 5,
    "C": 3,
    "JavaScript": 5
  }
}